group,runs,wins,deaths,timeouts,botWinRate,meanSeconds,meanBosses,meanKills,meanFood,meanDNA,meanHP
compy/baseline/run,5,0,4,1,0,95.874,1.2,26.2,40.4,16,15.331999999999999
compy/offence/run,5,0,3,2,0,107.75399999999999,2,50,56.4,26.2,23.966
compy/survival/run,5,0,1,4,0,143.112,2.2,39.4,61.6,32.8,63.088
compy/tradeoff/run,5,0,3,2,0,105.426,2,48,57,25.8,29.174
compy/mobility/run,5,0,5,0,0,71.52,1,22.6,36,9.6,0
compy/species/run,5,0,5,0,0,86.78799999999998,1.2,28.4,41.2,14,0
compy/legendary/run,5,0,2,3,0,128.594,2,41.2,58.4,27.2,19.324
compy/mixed/run,5,0,3,2,0,122.53599999999999,2.4,53.6,69.2,33,23.082
utahraptor/baseline/run,5,0,4,1,0,97.95200000000001,1.4,44.8,43.2,16.2,2.07
utahraptor/offence/run,5,0,1,4,0,136.274,2.6,55.4,68.8,34.8,82.064
utahraptor/survival/run,5,0,1,4,0,142.042,2.4,55,61.6,31.6,72.97999999999999
utahraptor/tradeoff/run,5,0,4,1,0,122.31599999999999,2.2,51.2,60,28.2,20.806
utahraptor/mobility/run,5,0,5,0,0,64.34799999999998,1,39,36,9.6,0
utahraptor/species/run,5,0,3,2,0,136.594,2.4,54.4,64.8,32.4,20.488
utahraptor/legendary/run,5,0,4,1,0,101.2,1.4,42,43,16,21.086000000000002
utahraptor/mixed/run,5,0,2,3,0,133.802,2.4,54.4,67.2,36.4,43.342
carnotaurus/baseline/run,5,0,4,1,0,120.94000000000001,2,53.8,61.6,28.6,7.856
carnotaurus/offence/run,5,0,2,3,0,134.654,2.6,63.8,74.8,36.8,40.455999999999996
carnotaurus/survival/run,5,0,0,5,0,146.612,2.8,59.8,72.2,39,80.69
carnotaurus/tradeoff/run,5,0,2,3,0,145.774,2.6,55.6,72.8,36.4,49.588
carnotaurus/mobility/run,5,0,4,1,0,89.332,1.8,51.2,57.4,23.2,10.49
carnotaurus/species/run,5,0,1,4,0,145.702,3,63.4,85.6,44.8,56.772000000000006
carnotaurus/legendary/run,5,0,1,4,0,140.404,2.8,66,75.4,41.6,88.878
carnotaurus/mixed/run,5,0,0,5,0,146.398,3,67.6,92.6,42.4,90.774
ankylosaurus/baseline/run,5,0,0,5,0,147.34,2,68.2,44.6,27.2,101.894
ankylosaurus/offence/run,5,0,0,5,0,147.07,1.8,70.8,50.8,26.6,81.3
ankylosaurus/survival/run,5,0,0,5,0,147.55,1.8,64.2,41.6,23.8,146.15
ankylosaurus/tradeoff/run,5,0,0,5,0,147.45000000000002,1.8,68,53.8,23.2,148.652
ankylosaurus/mobility/run,5,0,2,3,0,121.48799999999999,1.8,69,52,24.6,36.108
ankylosaurus/species/run,5,0,0,5,0,147.234,2,70.4,55,31.4,137.018
ankylosaurus/legendary/run,5,0,0,5,0,147.64600000000002,1.8,67.8,49.2,23,162.278
ankylosaurus/mixed/run,5,0,0,5,0,147.32,1.8,71.2,53.2,22.6,133.666
triceratops/baseline/run,5,0,1,4,0,146.99200000000002,1.8,67.6,51.4,23.4,102.03399999999999
triceratops/offence/run,5,0,0,5,0,147.08,1.8,66.6,56,23.8,125.98800000000001
triceratops/survival/run,5,0,0,5,0,146.846,2,64.2,49,25.8,177.91799999999998
triceratops/tradeoff/run,5,0,1,4,0,145.57800000000003,2.2,68.2,60.4,32,93.60999999999999
triceratops/mobility/run,5,0,2,3,0,138.568,2,65.2,54,25.4,45.746
triceratops/species/run,5,0,0,5,0,146.684,2.2,68,59.2,30,116.006
triceratops/legendary/run,5,0,0,5,0,147.052,1.8,67.2,48,25,176.756
triceratops/mixed/run,5,0,0,5,0,147.224,2.2,65.8,56.2,28.4,171.202
pachycephalosaurus/baseline/run,5,0,5,0,0,104.62,1.4,53.8,45,16.2,0
pachycephalosaurus/offence/run,5,0,3,2,0,134.78199999999998,2.2,61.8,56.6,27.8,30.282
pachycephalosaurus/survival/run,5,0,0,5,0,146.46,1.8,62.6,54.6,23.6,76.67
pachycephalosaurus/tradeoff/run,5,0,2,3,0,136.026,2.4,59.6,65.4,31.4,38.048
pachycephalosaurus/mobility/run,5,0,4,1,0,91.99999999999999,1,46.2,35.4,9.6,24.672
pachycephalosaurus/species/run,5,0,4,1,0,103.24600000000001,1.6,49.4,50.6,21,10.052
pachycephalosaurus/legendary/run,5,0,3,2,0,130.87,1.8,58.4,50.2,23,29.22
pachycephalosaurus/mixed/run,5,0,3,2,0,135.776,2.2,59.6,59.8,30.2,29.945999999999998
gallimimus/baseline/run,5,0,5,0,0,32.13,0,13,12,0.8,0
gallimimus/offence/run,5,0,5,0,0,50.242,0.6,12.4,26.4,6.2,0
gallimimus/survival/run,5,0,5,0,0,68.25,0.8,25.2,27,8,0
gallimimus/tradeoff/run,5,0,5,0,0,52.67,1,15.8,29.2,9,0
gallimimus/mobility/run,5,0,5,0,0,32.912,0.4,16.2,19,4.4,0
gallimimus/species/run,5,0,5,0,0,42.044,0.4,14,21.6,4.2,0
gallimimus/legendary/run,5,0,5,0,0,63.306000000000004,0.8,17.8,30,8,0
gallimimus/mixed/run,5,0,5,0,0,65.74,1,16.2,36,9.2,0
baryonyx/baseline/run,5,0,5,0,0,74.136,0.8,21.8,22,8.8,0
baryonyx/offence/run,5,0,5,0,0,75.89399999999999,1,24.8,22.8,10.6,0
baryonyx/survival/run,5,0,5,0,0,90,0.8,21.8,22,8.8,0
baryonyx/tradeoff/run,5,0,4,1,0,96.72999999999999,2,40.4,54.8,24,27.976
baryonyx/mobility/run,5,0,5,0,0,53.088,0.8,23.2,31,7,0
baryonyx/species/run,5,0,4,1,0,124.13799999999999,3.4,59,118.6,44.2,9.766
baryonyx/legendary/run,5,0,5,0,0,75.24199999999999,0.6,17.8,17,5.8,0
baryonyx/mixed/run,5,0,5,0,0,92.306,1.6,32.4,56,19.4,0
tyrannosaurus/baseline/run,5,0,0,5,0,148.82999999999998,1.4,37.6,42.2,15.2,169.92000000000002
tyrannosaurus/offence/run,5,0,0,5,0,148.75,1.8,39.6,45.8,22,161.002
tyrannosaurus/survival/run,5,0,0,5,0,148.75,1.6,36.6,42,19,206.60999999999999
tyrannosaurus/tradeoff/run,5,0,0,5,0,148.70999999999998,1.6,40.2,44,22.8,168.18
tyrannosaurus/mobility/run,5,0,0,5,0,148.07999999999998,2.4,47.2,61.8,32.8,136.71800000000002
tyrannosaurus/species/run,5,0,0,5,0,148.92000000000002,1.4,29.8,34.8,15.6,174.174
tyrannosaurus/legendary/run,5,0,0,5,0,148.57,2,43,46.4,26.4,207.4
tyrannosaurus/mixed/run,5,0,1,4,0,145.63799999999998,1.6,33.2,42,21,156.456
velociraptor/baseline/run,5,0,5,0,0,85.828,1,33.8,36,9.2,0
velociraptor/offence/run,5,0,4,1,0,115.35799999999999,2.2,50.8,57.2,29.8,21
velociraptor/survival/run,5,0,1,4,0,142.906,2.2,47.6,61.4,29.4,45.745999999999995
velociraptor/tradeoff/run,5,0,4,1,0,110.6,2.2,50.8,58.6,28.4,21.232
velociraptor/mobility/run,5,0,5,0,0,78.38399999999999,1.4,39.6,44,17.6,0
velociraptor/species/run,5,0,3,2,0,105.732,2,46.4,52.8,25.6,21.584
velociraptor/legendary/run,5,0,5,0,0,115.31400000000001,1.8,50.2,54.4,23.8,0
velociraptor/mixed/run,5,0,1,4,0,136.44400000000002,2.8,57,72.4,39.6,41.394000000000005
deinonychus/baseline/run,5,0,3,2,0,117.55,2,53.4,52.2,26.4,16.306
deinonychus/offence/run,5,0,1,4,0,131.81,2.6,63,66.4,33.8,62.254
deinonychus/survival/run,5,0,2,3,0,137.55599999999998,2.2,58.4,61.6,34.2,36.598
deinonychus/tradeoff/run,5,0,2,3,0,135.618,2.8,59.4,78.2,39.8,56.82000000000001
deinonychus/mobility/run,5,0,4,1,0,109.42999999999999,2.4,57.6,66.2,35.8,14.044
deinonychus/species/run,5,0,1,4,0,138.678,2.8,59.8,75.4,38.8,70.38
deinonychus/legendary/run,5,0,1,4,0,139.132,2.6,57.8,67.8,36.2,96.61599999999999
deinonychus/mixed/run,5,0,1,4,0,139.594,2.8,63.8,76.8,35.8,75.284
