species,style,runs,victories,deaths,timeouts,seconds_p50,seconds_p25,seconds_p75,seconds_reached,levelReached_p50,levelReached_p25,levelReached_p75,levelReached_reached,tFirstMutation_p50,tFirstMutation_p25,tFirstMutation_p75,tFirstMutation_reached,tFirstBossSpawn_p50,tFirstBossSpawn_p25,tFirstBossSpawn_p75,tFirstBossSpawn_reached,tFirstBossKill_p50,tFirstBossKill_p25,tFirstBossKill_p75,tFirstBossKill_reached,meanBossFight_p50,meanBossFight_p25,meanBossFight_p75,meanBossFight_reached,tFinalLevel_p50,tFinalLevel_p25,tFinalLevel_p75,tFinalLevel_reached,meat_p50,meat_p25,meat_p75,meat_reached,dna_p50,dna_p25,dna_p75,dna_reached,kills_p50,kills_p25,kills_p75,kills_reached,attacks_p50,attacks_p25,attacks_p75,attacks_reached,accuracyPct_p50,accuracyPct_p25,accuracyPct_p75,accuracyPct_reached,abilitiesPerMin_p50,abilitiesPerMin_p25,abilitiesPerMin_p75,abilitiesPerMin_reached,staminaStarvedPctOfCombat_p50,staminaStarvedPctOfCombat_p25,staminaStarvedPctOfCombat_p75,staminaStarvedPctOfCombat_reached,damageTaken_p50,damageTaken_p25,damageTaken_p75,damageTaken_reached,staggersPerMin_p50,staggersPerMin_p25,staggersPerMin_p75,staggersPerMin_reached,lowHPPct_p50,lowHPPct_p25,lowHPPct_p75,lowHPPct_reached,eatingPct_p50,eatingPct_p25,eatingPct_p75,eatingPct_reached,stuckSeconds_p50,stuckSeconds_p25,stuckSeconds_p75,stuckSeconds_reached,epicRewards_p50,epicRewards_p25,epicRewards_p75,epicRewards_reached,topKillers
"compy","optimizer",3,0,1,2,590,466.85,590.1,3,4,3.5,4.5,3,6.82,6.23,9.71,3,56.44,50.93,75.18,3,74.84,69.65,95.01,3,34.29,30.73,34.95,3,"","","",0,102,85,104,3,112,99.5,116,3,57,52,68.5,3,481,424,524.5,3,55.3,51.05,55.6,3,9.08,8.55,9.68,3,63.2,60.65,67.6,3,104,78.5,119.5,3,1.57,0.99,1.65,3,0,0,0.95,3,9.4,9.2,10.6,3,12.9,6.45,33.8,3,0,0,0,3,"baryonyx:1"
"compy","average",3,0,3,0,140.6,98.8,152.35,3,2,1.5,2,3,7.19,6.68,9.71,3,34.54,28.05,46.57,3,62.08,54.24,69.93,2,22.02,20.6,23.43,2,"","","",0,42,30,42,3,43,25.5,49,3,17,13.5,18,3,148,105.5,158,3,60.7,59.4,61.3,3,11.58,11.13,11.82,3,49.3,48.1,56.45,3,130,112.5,138,3,1.05,0.95,1.62,3,7.6,7.3,9.85,3,16.5,16,17.95,3,0,0,0,3,0,0,0.5,3,"carnotaurus:2 pachycephalosaurus:1"
"compy","casual",3,0,3,0,63,54.35,101.05,3,1,1,1.5,3,9.75,8.92,12.51,3,36.76,36.61,39.82,3,64.39,64.39,64.39,1,21.5,21.5,21.5,1,"","","",0,18,18,30.5,3,9,7.5,27.5,3,12,10,22,3,70,55,100,3,56.9,54.9,60.95,3,9.53,9.07,10.02,3,23.3,21.95,25.65,3,80,80,117,3,1.72,1.33,2.17,3,11.7,8.7,15.9,3,18.6,18.2,22.2,3,0,0,0,3,0,0,0,3,"pachycephalosaurus:2 carnotaurus:1"
"compy","brawler",3,0,3,0,92.1,63.5,125.4,3,2,1.5,2.5,3,7.42,6.77,10.8,3,34.38,30.97,37.79,2,46.83,45.51,48.16,2,15.73,15.27,16.18,2,"","","",0,42,28,49.5,3,54,31.5,55,3,20,12.5,30,3,93,64,133.5,3,80.6,78.85,80.8,3,12.38,12.05,13.06,3,83,79.5,85,3,134,107,163.5,3,2.65,1.98,3.04,3,3.1,3.05,8.9,3,25.1,23.85,26.2,3,0,0,0,3,0,0,0.5,3,"carnotaurus:3"
"compy","explorer",3,0,3,0,148.5,104.95,163.7,3,2,1.5,2,3,8.05,6.88,10.83,3,35.21,32.95,51.03,3,76.14,70.39,81.89,2,25.12,22.95,27.28,2,"","","",0,42,30,43.5,3,37,22,49.5,3,23,16,27,3,171,116,173.5,3,59.1,58.2,60.7,3,11.31,11.03,11.53,3,45.5,34.85,52.65,3,111,103,143,3,1.01,0.99,1.52,3,4.1,3.15,4.55,3,15.5,14.75,16.4,3,0,0,11.35,3,0,0,0,3,"carnotaurus:2 pachycephalosaurus:1"
"compy","exploiter",3,0,1,2,590,466.85,590.1,3,4,3.5,4.5,3,6.82,6.23,9.71,3,56.44,50.93,75.18,3,74.84,69.65,95.01,3,34.29,30.73,34.95,3,"","","",0,102,85,104,3,112,99.5,116,3,57,52,68.5,3,481,424,524.5,3,55.3,51.05,55.6,3,9.08,8.55,9.68,3,63.2,60.65,67.6,3,104,78.5,119.5,3,1.57,0.99,1.65,3,0,0,0.95,3,9.4,9.2,10.6,3,12.9,6.45,33.8,3,0,0,0,3,"baryonyx:1"
"compy","newbie",3,0,3,0,99.9,72,127.55,3,1,1,1.5,3,8.89,8.17,12.46,3,37.84,37.07,44.52,3,69.06,69.06,69.06,1,17.85,17.85,17.85,1,"","","",0,18,18,23.5,3,10,9,18,3,9,8.5,16,3,49,44,72,3,61.1,58.75,63.2,3,0,0,0,3,0,0,0,3,100,90,107.5,3,0.39,0.2,0.88,3,4.9,2.5,34.45,3,15.7,11.5,19.75,3,0,0,1.9,3,0,0,0,3,"carnotaurus:1 pachycephalosaurus:1 compy:1"
"utahraptor","optimizer",3,0,2,1,222.7,179.35,408,3,3,2.5,3.5,3,12.93,11.88,13.33,3,32.94,31.77,34.76,3,52.54,47.52,54.37,3,19.59,19.49,23.01,3,"","","",0,61,51.5,73,3,88,62.5,89,3,46,40.5,55.5,3,146,126.5,230,3,55.5,54.5,60.45,3,8.08,7.68,8.45,3,62.2,59.25,64.75,3,145,132.5,173.5,3,0.44,0.32,0.49,3,5.4,3.35,6.25,3,16.3,12.55,17.25,3,11.3,5.65,48.9,3,1,0.5,1,3,"carnotaurus:1 baryonyx:1"
"utahraptor","average",3,0,2,1,216.4,176.45,407.9,3,2,1.5,2.5,3,12.66,12,14.42,3,34.86,32.8,36.92,2,49.68,49,50.36,2,19.2,18.39,20.02,2,"","","",0,42,27,48,3,27,17,44,3,29,21.5,39,3,101,65,109,3,52.5,52.1,56.15,3,8.04,4.32,8.41,3,50.4,30.15,52.3,3,145,72.5,157.5,3,0.28,0.19,0.36,3,7.7,3.85,12.7,3,14.6,7.9,16.4,3,10.2,8.8,278.95,3,0,0,0.5,3,"carnotaurus:2"
"utahraptor","casual",3,0,3,0,333.3,220.25,370.25,3,2,2,3,3,14.16,11.5,14.99,3,33.83,33.74,36.63,3,53.01,51.7,55.2,3,17.96,17.35,23.29,3,"","","",0,42,38,67.5,3,46,42,61.5,3,30,29,47.5,3,74,71.5,123,3,60.5,59.3,62.15,3,6.12,5.35,7.54,3,30.5,23,30.55,3,145,137.5,217,3,0,0,0,3,37.6,20.15,59.35,3,17.5,11.3,20.15,3,0,0,0.3,3,0,0,0.5,3,"carnotaurus:2 compy:1"
"utahraptor","brawler",3,0,3,0,166.4,137.15,220.75,3,3,2.5,3,3,13.79,13.73,13.95,3,33.28,33.07,42.94,3,47.63,46.38,56.11,3,14.49,13.16,16.25,3,"","","",0,57,49.5,62.5,3,65,48.5,79,3,33,25.5,47,3,101,85.5,109.5,3,79.7,71.05,79.85,3,10.1,9.09,10.34,3,91.5,86.25,92.35,3,196,178,198,3,0.72,0.64,0.79,3,4.2,3.45,4.35,3,20.7,18.1,22.05,3,0,0,48.65,3,1,0.5,1,3,"carnotaurus:3"
"utahraptor","explorer",3,0,2,1,511,421.55,554.15,3,2,2,2,3,13.29,12.36,13.9,3,58.56,47.35,59.08,3,78.47,66.07,87.53,3,18.87,18.21,28.45,3,"","","",0,26,24,34,3,60,50,67,3,42,40.5,42,3,124,112.5,129.5,3,41.9,40.95,47.7,3,5.32,5.06,5.73,3,37.3,36.1,39.05,3,192,183.5,218,3,0,0,0.09,3,9.6,7.25,32.15,3,2.7,2.7,5.25,3,10.7,10.5,13.25,3,1,0.5,1,3,"carnotaurus:2"
"utahraptor","exploiter",3,0,2,1,222.7,179.35,408,3,3,2.5,3.5,3,12.93,11.88,13.33,3,32.94,31.77,34.76,3,52.54,47.52,54.37,3,19.59,19.49,23.01,3,"","","",0,61,51.5,73,3,88,62.5,89,3,46,40.5,55.5,3,146,126.5,230,3,55.5,54.5,60.45,3,8.08,7.68,8.45,3,62.2,59.25,64.75,3,145,132.5,173.5,3,0.44,0.32,0.49,3,5.4,3.35,6.25,3,16.3,12.55,17.25,3,11.3,5.65,48.9,3,1,0.5,1,3,"carnotaurus:1 baryonyx:1"
"utahraptor","newbie",3,0,3,0,130,127.85,133.3,3,2,2,2,3,13.5,12.14,16.04,3,40.02,38.65,47.3,3,59.04,56.58,64.25,3,16.83,15.86,17.92,3,"","","",0,42,32.5,42.5,3,27,26.5,35.5,3,22,19.5,27.5,3,80,64,80,3,68.8,64.4,68.8,3,0,0,0,3,0,0,0,3,174,152,176,3,0.44,0.22,0.46,3,5,3.95,22.65,3,19.6,14.75,19.75,3,0,0,0.45,3,0,0,0.5,3,"carnotaurus:3"
"carnotaurus","optimizer",3,0,2,1,276.2,230.8,432.65,3,3,3,4.5,3,5.39,4.76,8.85,3,32.92,27.72,33.71,3,48.15,44.65,51.85,3,22.07,21.5,22.52,3,"","","",0,69,59.5,128,3,77,76.5,126,3,53,48.5,95.5,3,115,114.5,241.5,3,56.5,52.15,56.75,3,4.68,4.08,5.57,3,43.8,37.9,47.55,3,221,192,256,3,0.32,0.32,0.48,3,5.2,2.6,6.65,3,19.4,14.5,20.85,3,1,0.5,2.7,3,0,0,0.5,3,"baryonyx:1 carnotaurus:1"
"carnotaurus","average",3,0,3,0,144,138.6,194.2,3,2,2,2.5,3,6.19,5.16,9.54,3,34.79,34.64,35.59,3,57.9,55.15,58.99,3,23.12,21.38,24.35,3,"","","",0,42,42,54,3,42,35,44,3,38,35.5,50,3,77,67,98,3,50.4,49.25,52.4,3,4.66,4.62,4.8,3,31.4,30.4,36.35,3,208,191.5,259,3,0,0,0.13,3,6.1,6.05,7.7,3,15.7,15.2,17.45,3,0,0,0.4,3,0,0,0,3,"carnotaurus:3"
"carnotaurus","casual",3,0,3,0,114.2,112.55,122.85,3,2,2,2,3,6.96,6.14,12.14,3,31.85,31.53,38.12,3,51.96,49.19,57.88,3,19.4,16.98,20.07,3,"","","",0,42,42,43,3,31,30,40.5,3,29,27.5,35.5,3,60,58.5,66,3,59.7,56.5,64.95,3,6.49,5.75,6.66,3,52.7,46.95,53.75,3,200,186.5,210,3,0,0,0,3,3.1,2.55,7.75,3,22.5,21.4,22.55,3,0,0,1.55,3,0,0,0.5,3,"carnotaurus:3"
"carnotaurus","brawler",3,0,3,0,165.2,134.7,202.45,3,2,2,3,3,5.73,4.93,10.59,3,34.18,32.15,34.41,3,43.08,40.33,43.7,3,10.14,9.29,11.82,3,"","","",0,43,42.5,75.5,3,32,31.5,55.5,3,37,34.5,55.5,3,67,63.5,91.5,3,68.3,67,69.05,3,6.76,5.92,7.41,3,85.9,68.5,86.2,3,165,158,213,3,0,0,0.38,3,1.3,1.05,3.85,3,24.4,20.25,25.65,3,6.9,3.45,33.5,3,0,0,0.5,3,"carnotaurus:3"
"carnotaurus","explorer",3,0,2,1,121.6,115.15,360.55,3,2,1.5,2,3,5.95,5.04,10.09,3,32.04,28.24,35.85,2,54.66,51.84,57.48,2,22.62,21.63,23.61,2,"","","",0,42,29.5,43,3,43,24,48.5,3,15,13.5,25.5,3,56,40,58.5,3,52.5,45,58.4,3,5.43,2.91,5.47,3,14,8.45,28.8,3,128,64,168.5,3,0,0,0.49,3,1.2,0.6,1.45,3,21,11.3,22.1,3,0,0,1.75,3,0,0,0.5,3,"carnotaurus:2"
"carnotaurus","exploiter",3,0,2,1,276.2,230.8,432.65,3,3,3,4.5,3,5.39,4.76,8.85,3,32.92,27.72,33.71,3,48.15,44.65,51.85,3,22.07,21.5,22.52,3,"","","",0,69,59.5,128,3,77,76.5,126,3,53,48.5,95.5,3,115,114.5,241.5,3,56.5,52.15,56.75,3,4.68,4.08,5.57,3,43.8,37.9,47.55,3,221,192,256,3,0.32,0.32,0.48,3,5.2,2.6,6.65,3,19.4,14.5,20.85,3,1,0.5,2.7,3,0,0,0.5,3,"baryonyx:1 carnotaurus:1"
"carnotaurus","newbie",3,0,3,0,155.6,149,160.6,3,2,2,2,3,17.39,14.67,17.84,3,42.72,41.72,49.33,3,64.3,60.97,69.98,3,19.72,18.32,20.65,3,"","","",0,42,42,45,3,34,30,39.5,3,28,27,29.5,3,73,71,74.5,3,65.8,64.5,66.95,3,0,0,0,3,0,0,0,3,223,215.5,235,3,0.36,0.18,0.56,3,8.4,6.3,11.4,3,18.3,16.65,18.9,3,0,0,1.35,3,0,0,0.5,3,"carnotaurus:2 compy:1"
"ankylosaurus","optimizer",3,0,2,1,477.9,379.7,536.35,3,4,3,4,3,27.17,22.22,29.66,3,67.77,60.99,70.5,3,82.47,73.21,86.11,3,15.4,15.05,20.22,3,"","","",0,91,64.5,96.5,3,109,82.5,110,3,86,59,101.5,3,248,187.5,267.5,3,65.2,61.85,66.45,3,3.23,3.21,4.25,3,58.6,57.95,66.2,3,215,210,308.5,3,0.61,0.55,1.27,3,1.1,0.55,1.7,3,8.7,7.95,10.7,3,0,0,7.05,3,1,0.5,1,3,"carnotaurus:1 deinosuchus:1"
"ankylosaurus","average",3,0,2,1,282.3,270.75,438.35,3,3,3,3.5,3,27.02,22.14,27.16,3,65.14,55.85,75.06,3,82.72,70.19,88.92,3,21.24,18.22,21.58,3,"","","",0,60,54.5,81,3,84,80,105.5,3,56,41.5,83,3,110,104,150,3,70.4,67.95,73.35,3,4.17,3.6,4.21,3,49.7,48.35,51.1,3,363,289,390.5,3,0.64,0.47,0.67,3,2.7,2.1,10.5,3,11.1,10.95,12.85,3,3.9,2.95,16.75,3,1,0.5,1.5,3,"carnotaurus:2"
"ankylosaurus","casual",3,0,3,0,382.9,318.65,451.45,3,4,3.5,4,3,16.28,15.46,19.76,3,58.32,53.34,60.89,3,77.37,68.17,77.87,3,19.5,18.33,24.27,3,"","","",0,115,91.5,117.5,3,94,90.5,99.5,3,76,73,79,3,134,114,149.5,3,81.9,80.9,82.15,3,3.54,2.75,3.96,3,41.8,35.1,45.65,3,526,407,562,3,0.58,0.44,0.65,3,28.5,14.65,30.6,3,16.3,15.45,17.5,3,0,0,0,3,2,1,2,3,"deinosuchus:2 carnotaurus:1"
"ankylosaurus","brawler",3,0,3,0,169.3,165.25,285.25,3,2,2,3,3,23.34,22.49,25.7,3,73.02,64.08,78.54,3,83.69,79.24,91.61,3,15.47,13.07,17.07,3,"","","",0,42,40.5,76.5,3,47,36,76.5,3,50,43.5,72,3,104,95,158,3,64.2,63.35,70.45,3,5.58,5.48,5.63,3,86.4,81.8,89.95,3,230,228.5,360,3,0.71,0.66,0.72,3,1.3,1,5.7,3,15.6,14.65,16.45,3,0,0,0,3,1,0.5,1.5,3,"carnotaurus:2 deinosuchus:1"
"ankylosaurus","explorer",3,0,1,2,595.5,476,595.65,3,4,3.5,4,3,26.6,21.46,26.97,3,69.27,68.21,71.52,3,85.64,85.32,86.59,3,21.09,20.39,22.07,3,"","","",0,80,70,90,3,94,89,94,3,81,68,82,3,144,136.5,155,3,76.4,74.05,77.75,3,3.2,2.86,4.32,3,42,36.6,57.55,3,335,312,358,3,0.2,0.15,0.27,3,1.5,0.75,13.25,3,10.4,9.45,10.45,3,11.3,6.55,13.7,3,1,0.5,1.5,3,"carnotaurus:1"
"ankylosaurus","exploiter",3,0,2,1,477.9,379.7,536.35,3,4,3,4,3,27.17,22.22,29.66,3,67.77,60.99,70.5,3,82.47,73.21,86.11,3,15.4,15.05,20.22,3,"","","",0,91,64.5,96.5,3,109,82.5,110,3,86,59,101.5,3,248,187.5,267.5,3,65.2,61.85,66.45,3,3.23,3.21,4.25,3,58.6,57.95,66.2,3,215,210,308.5,3,0.61,0.55,1.27,3,1.1,0.55,1.7,3,8.7,7.95,10.7,3,0,0,7.05,3,1,0.5,1,3,"carnotaurus:1 deinosuchus:1"
"ankylosaurus","newbie",3,0,3,0,187.5,170.65,263.4,3,1,1,1.5,3,14.68,14.18,17.96,3,78.95,66.15,91.75,2,64.59,64.59,64.59,1,11.23,11.23,11.23,1,"","","",0,35,23,38.5,3,10,9,19,3,11,7,26.5,3,38,22,48.5,3,76.3,63.15,79.7,3,0,0,0,3,0,0,0,3,200,175,205,3,0,0,0.09,3,81.1,44.95,84.45,3,6.3,5.9,11.35,3,0,0,0.05,3,0,0,0,3,"compy:2 carnotaurus:1"
"triceratops","optimizer",3,0,2,1,349.2,297.8,473.35,3,2,2,2.5,3,21.78,21.55,32.31,3,78.76,76.13,91.69,3,99.15,93.05,112.76,3,21.77,21.07,23.05,3,"","","",0,42,37.5,54,3,47,41,58,3,44,39,61,3,134,116.5,165,3,44.4,38.25,45.9,3,3.65,2.58,3.71,3,50.9,32.3,51.1,3,243,152,316.5,3,0.24,0.17,0.29,3,1.7,0.85,2.6,3,10.7,7.15,11.45,3,0,0,0,3,1,1,1,3,"carnotaurus:2"
"triceratops","average",3,0,3,0,352.9,271.55,410.45,3,2,1.5,2.5,3,28.5,25.17,34.65,3,83.58,70.56,265.98,3,84.98,79.78,90.18,2,18.29,17.66,18.91,2,"","","",0,42,32.5,51.5,3,37,24,53,3,36,34,63.5,3,89,76.5,139,3,47.2,44.7,48.2,3,3.79,2.21,3.94,3,56.2,32.8,57.8,3,362,273.5,368.5,3,0.32,0.16,0.33,3,2.8,2.6,45.95,3,10.7,7.15,12.95,3,4.7,2.35,16.75,3,0,0,0.5,3,"carnotaurus:3"
"triceratops","casual",3,0,3,0,202.9,193.95,330,3,2,2,3,3,26.97,20.18,27.21,3,65.34,61.95,67.93,3,83.3,80.25,85.83,3,22.38,17.12,23.56,3,"","","",0,49,43,76,3,42,37,74,3,61,47.5,79.5,3,99,89.5,134,3,53.8,52.15,56.8,3,4.54,3.98,4.79,3,38.2,34,46.55,3,301,255.5,393,3,0.32,0.23,0.6,3,3.1,2.8,14.4,3,13.7,12.85,14.2,3,0,0,0,3,1,0.5,1,3,"carnotaurus:2 deinosuchus:1"
"triceratops","brawler",3,0,3,0,342.9,267.95,360.95,3,4,3,4,3,17.39,16.46,20.23,3,57.12,49.52,77.62,3,73.92,62.82,93.47,3,22,18.45,23.46,3,"","","",0,108,79.5,108.5,3,84,67.5,89,3,71,65,75,3,147,126.5,153,3,64.6,60.6,65.8,3,5.77,5.68,5.97,3,86.2,83.9,89.4,3,395,345.5,422,3,0.32,0.32,0.42,3,1.3,1.15,7.7,3,17.7,17.05,18.6,3,0,0,0,3,1,0.5,1,3,"carnotaurus:3"
"triceratops","explorer",3,0,3,0,171.4,171.05,196.05,3,2,2,2,3,21.91,20.39,25.39,3,66.71,56.21,99.32,3,87.15,78.85,125.37,3,24.84,22.63,28.25,3,"","","",0,42,34.5,42,3,36,33,41.5,3,33,30.5,38,3,79,76.5,88,3,50.5,46.2,51.85,3,3.15,2.94,3.86,3,30.8,30.1,44.6,3,266,263.5,295.5,3,0,0,0.27,3,5.7,4.25,7.2,3,14.7,11.55,15.2,3,0,0,0,3,1,0.5,1,3,"carnotaurus:3"
"triceratops","exploiter",3,0,2,1,349.2,297.8,473.35,3,2,2,2.5,3,21.78,21.55,32.31,3,78.76,76.13,91.69,3,99.15,93.05,112.76,3,21.77,21.07,23.05,3,"","","",0,42,37.5,54,3,47,41,58,3,44,39,61,3,134,116.5,165,3,44.4,38.25,45.9,3,3.65,2.58,3.71,3,50.9,32.3,51.1,3,243,152,316.5,3,0.24,0.17,0.29,3,1.7,0.85,2.6,3,10.7,7.15,11.45,3,0,0,0,3,1,1,1,3,"carnotaurus:2"
"triceratops","newbie",3,0,3,0,224.9,188,266.35,3,2,1.5,2.5,3,21.88,21,25.71,3,87.89,84.51,91.27,2,106.78,102.02,111.55,2,20.43,19.8,21.05,2,"","","",0,42,29.5,54.5,3,45,27.5,51.5,3,44,26,55.5,3,106,64,118,3,62.3,56.15,64.25,3,0,0,0,3,0,0,0,3,274,229.5,305,3,0.4,0.4,0.6,3,17.1,9.65,44.25,3,12.6,10.25,13.05,3,0,0,0,3,0,0,0.5,3,"carnotaurus:2 compy:1"
"pachycephalosaurus","optimizer",3,0,3,0,415.9,412.9,467.55,3,4,4,4,3,14.04,12.43,14.85,3,60.92,51.47,62.9,3,75.95,66.52,79.8,3,34.09,32.48,36.14,3,"","","",0,102,102,102,3,116,98.5,121,3,63,59.5,69,3,261,257.5,272.5,3,54,53.4,54.65,3,5.86,5.47,6.03,3,22.4,18.65,23.6,3,238,208,243,3,1.96,1.49,2.13,3,2,1,3.35,3,13,12.35,14.05,3,0,0,0.05,3,0,0,1,3,"deinosuchus:2 carnotaurus:1"
"pachycephalosaurus","average",3,0,3,0,329.1,248.25,331,3,3,2.5,3,3,12.48,10.87,22.69,3,60.79,56.89,62.95,3,76.09,73.67,80.37,3,19.69,18.97,23.73,3,"","","",0,56,49,66,3,76,58.5,88,3,53,51.5,55.5,3,136,132.5,160.5,3,52.7,52.05,55.4,3,4.74,4.35,5.96,3,14.1,12.25,14.7,3,237,213.5,341,3,2.01,1.54,2.08,3,6.4,4.45,7,3,15,13.1,15.15,3,1,0.5,10.1,3,1,0.5,1.5,3,"carnotaurus:2 baryonyx:1"
"pachycephalosaurus","casual",3,0,3,0,111.6,98.3,121.25,3,1,1,1.5,3,10.13,10.07,14.99,3,61.6,47.47,72.91,3,51.43,51.43,51.43,1,18.1,18.1,18.1,1,"","","",0,29,23.5,39.5,3,17,12.5,27.5,3,20,12,21.5,3,54,40.5,56.5,3,53.7,52.25,54.65,3,4.13,3.68,5.59,3,10,8.15,29.5,3,120,114.5,148.5,3,1.41,1.17,1.51,3,20,17.35,40.5,3,16.5,16.45,19.95,3,0,0,0,3,0,0,0.5,3,"pachycephalosaurus:2 carnotaurus:1"
"pachycephalosaurus","brawler",3,0,3,0,139.1,132.75,152.25,3,2,2,2,3,14.07,11.82,16.53,3,43.65,43.32,45.7,3,62.16,58.38,68.15,3,18.51,15.06,22.45,3,"","","",0,47,44.5,54.5,3,45,42.5,51.5,3,45,38.5,45,3,88,81.5,93.5,3,68,66.3,73.2,3,8.34,8.27,8.68,3,75.3,72.2,78.25,3,145,145,193,3,3.32,2.52,3.47,3,5,4.05,5.75,3,20.8,20.7,22.15,3,0,0,0,3,1,0.5,1,3,"carnotaurus:3"
"pachycephalosaurus","explorer",3,0,3,0,132.9,107.7,231.15,3,1,1,1.5,3,11.06,10.05,12.54,3,60.86,47.98,184.38,3,53.37,53.37,53.37,1,18.27,18.27,18.27,1,"","","",0,18,18,30,3,9,9,18,3,26,18,28,3,63,53.5,66,3,49.3,47.4,53.2,3,4.97,3.13,5.39,3,9.8,8.2,11.3,3,135,125,150,3,0.9,0.73,2.63,3,8,7.05,11.4,3,14.5,9.1,16.9,3,0,0,2.25,3,0,0,0,3,"pachycephalosaurus:2 carnotaurus:1"
"pachycephalosaurus","exploiter",3,0,3,0,415.9,412.9,467.55,3,4,4,4,3,14.04,12.43,14.85,3,60.92,51.47,62.9,3,75.95,66.52,79.8,3,34.09,32.48,36.14,3,"","","",0,102,102,102,3,116,98.5,121,3,63,59.5,69,3,261,257.5,272.5,3,54,53.4,54.65,3,5.86,5.47,6.03,3,22.4,18.65,23.6,3,238,208,243,3,1.96,1.49,2.13,3,2,1,3.35,3,13,12.35,14.05,3,0,0,0.05,3,0,0,1,3,"deinosuchus:2 carnotaurus:1"
"pachycephalosaurus","newbie",3,0,3,0,216.2,184,302.3,3,1,1,1.5,3,13.95,12.73,18.73,3,93.87,78.33,133.37,3,79.31,79.31,79.31,1,16.52,16.52,16.52,1,"","","",0,44,32.5,52.5,3,19,13.5,30,3,3,2.5,27.5,3,25,15,83.5,3,60,58.5,60,3,0,0,0,3,0,0,0,3,140,120,203,3,0.31,0.15,0.99,3,86.6,51.35,87.75,3,10.3,9.9,11.55,3,0.1,0.05,3.55,3,0,0,0,3,"pachycephalosaurus:2 carnotaurus:1"
"gallimimus","optimizer",3,0,2,1,393.3,287.75,491.4,3,4,3,4,3,7.8,7.7,9.2,3,25.52,23.78,26.45,3,58.56,58.51,60,3,49.34,42.88,71.59,3,"","","",0,102,72,102,3,82,72,94.5,3,28,22,32,3,318,247.5,384.5,3,60.5,60.4,62.15,3,9.15,8.95,9.52,3,54.7,49.1,61.55,3,141,105.5,152.5,3,1.37,1.2,1.51,3,1.3,0.95,4.8,3,15.8,13.55,15.8,3,0,0,2.1,3,0,0,0,3,"deinosuchus:1 carnotaurus:1"
"gallimimus","average",3,0,3,0,74.4,72.35,96.6,3,1,1,1,3,10.84,9.59,11.25,3,29.7,26.3,45.33,3,"","","",0,"","","",0,"","","",0,18,18,18,3,7,6.5,7.5,3,12,11.5,12,3,59,58.5,82,3,52.5,49.6,59.85,3,9.39,8.99,9.54,3,50.5,49.4,53.6,3,100,92.5,100,3,0.81,0.41,0.83,3,43.6,38.8,47.75,3,14.6,12.05,15.35,3,0,0,0,3,0,0,0,3,"pachycephalosaurus:3"
"gallimimus","casual",3,0,3,0,55.4,46.9,55.95,3,1,1,1,3,11.97,11.05,12.8,3,32.87,29.44,37.8,3,"","","",0,"","","",0,"","","",0,18,18,18.5,3,7,6.5,8,3,5,3.5,7.5,3,48,36.5,49,3,46,44.9,49,3,7.58,6.13,8.04,3,0,0,2.2,3,70,70,71.5,3,0,0,0.53,3,0.1,0.1,0.1,3,26.5,22.85,27.55,3,0,0,0,3,0,0,0,3,"pachycephalosaurus:3"
"gallimimus","brawler",3,0,3,0,90.8,87.75,94.7,3,2,2,2,3,8.44,8.12,8.82,3,21.99,20.82,24.27,3,39.59,38.9,40.7,3,18.55,15.79,19.19,3,"","","",0,43,40.5,47.5,3,28,27.5,32,3,16,15,18.5,3,81,76.5,90.5,3,81.9,81.7,83.45,3,11.23,10.18,11.28,3,57.9,46.9,59.3,3,106,106,126,3,1.83,1.25,1.98,3,9,4.95,11.4,3,31.9,29.6,32.1,3,0,0,0,3,0,0,0,3,"carnotaurus:3"
"gallimimus","explorer",3,0,3,0,240.1,170.7,245.75,3,1,1,1,3,9.27,8.65,13.34,3,87.87,55.9,119.84,2,"","","",0,"","","",0,"","","",0,18,15,18,3,9,7.5,10.5,3,10,6.5,11.5,3,71,64,75,3,40.5,39.95,48.3,3,6,5.03,7.44,3,23.8,15.25,40.3,3,85,77.5,92.5,3,0.48,0.36,0.53,3,39.5,24.8,54,3,6.4,4.6,9.05,3,3.4,1.7,19.95,3,0,0,0,3,"pachycephalosaurus:2 compy:1"
"gallimimus","exploiter",3,0,2,1,393.3,287.75,491.4,3,4,3,4,3,7.8,7.7,9.2,3,25.52,23.78,26.45,3,58.56,58.51,60,3,49.34,42.88,71.59,3,"","","",0,102,72,102,3,82,72,94.5,3,28,22,32,3,318,247.5,384.5,3,60.5,60.4,62.15,3,9.15,8.95,9.52,3,54.7,49.1,61.55,3,141,105.5,152.5,3,1.37,1.2,1.51,3,1.3,0.95,4.8,3,15.8,13.55,15.8,3,0,0,2.1,3,0,0,0,3,"deinosuchus:1 carnotaurus:1"
"gallimimus","newbie",3,0,3,0,38.8,37.8,59.6,3,1,1,1,3,10.8,9.77,18.02,3,23.89,23.3,24.49,2,"","","",0,"","","",0,"","","",0,20,16.5,21.5,3,7,7,7.5,3,6,4,7.5,3,24,23,24.5,3,64,47.9,69.5,3,0,0,0,3,0,0,0,3,70,70,70,3,0.75,0.38,1.15,3,18,9.05,35.05,3,28.4,23.05,28.5,3,0,0,0,3,0,0,0,3,"pachycephalosaurus:2 carnotaurus:1"
"baryonyx","optimizer",3,0,3,0,299.5,221.7,339.95,3,3,2.5,4.5,3,14.96,9.98,14.97,3,22.63,22.41,23.34,3,54.4,44.42,62.94,3,32.21,28.13,37.78,3,"","","",0,55,49.5,122,3,52,42.5,102.5,3,47,33,59,3,118,87.5,208.5,3,52.2,48.9,52.35,3,2.92,2.86,3.12,3,10.3,5.25,16.95,3,201,178.5,290.5,3,0.16,0.08,0.18,3,4.2,4,7.05,3,18.7,14.8,20.3,3,0.8,0.4,0.9,3,0,0,0,3,"carnotaurus:2 pachycephalosaurus:1"
"baryonyx","average",3,0,3,0,91.6,90.95,91.9,3,2,2,2,3,14.96,12.72,15.47,3,22.48,20.18,22.55,3,37.99,37.07,41.55,3,20.1,16.82,21.37,3,"","","",0,44,43,44,3,27,26.5,28,3,20,18.5,21.5,3,47,44.5,47,3,57.1,56.2,57.25,3,4.55,3.92,4.94,3,2,1.1,8.3,3,156,148,165.5,3,0,0,0,3,9.9,6.8,11.9,3,24.5,22.4,26,3,0,0,0,3,0,0,0,3,"carnotaurus:3"
"baryonyx","casual",3,0,3,0,96.5,89.55,101.25,3,2,2,2,3,15.91,13.38,16.6,3,24.11,21.63,24.53,3,42.68,41.22,44.22,3,20.82,18.24,22.18,3,"","","",0,44,43.5,44.5,3,28,27.5,28.5,3,24,21,24,3,49,41.5,52.5,3,58.9,52.9,60.35,3,4.98,4.67,5.04,3,12.9,11.95,21.95,3,171,171,186,3,0,0,0,3,12.4,8.1,12.7,3,24.8,23.55,28.3,3,0,0,0,3,0,0,0,3,"carnotaurus:3"
"baryonyx","brawler",3,0,3,0,129.4,107.1,140.6,3,3,2.5,3.5,3,14.81,13.07,15.19,3,22.05,20.92,22.18,3,35.98,35.43,36.28,3,17.98,17.08,18.06,3,"","","",0,99,73.5,114,3,44,35,59.5,3,28,21.5,34.5,3,51,45,63.5,3,84.6,80.55,85.05,3,6.49,6.08,7.2,3,57.3,56.65,59.8,3,196,176.5,229.5,3,0,0,0,3,4.4,3.25,5.4,3,37.3,31.55,37.9,3,0,0,0,3,0,0,0,3,"deinosuchus:1 compy:1 baryonyx:1"
"baryonyx","explorer",3,0,3,0,97.9,89.5,105.35,3,2,2,2,3,15.18,12.98,15.69,3,22.81,20.4,28.1,3,47.15,43.4,54.17,3,16.83,15.29,30.02,3,"","","",0,43,43,43.5,3,29,28,39.5,3,15,14.5,21.5,3,49,43,53,3,51.4,50.2,54.65,3,4.44,3.82,5.29,3,1.4,0.7,8.95,3,156,141,159.5,3,0,0,0,3,3.7,3.5,4.8,3,22.6,20.95,24.6,3,0,0,0,3,0,0,0,3,"carnotaurus:3"
"baryonyx","exploiter",3,0,3,0,299.5,221.7,339.95,3,3,2.5,4.5,3,14.96,9.98,14.97,3,22.63,22.41,23.34,3,54.4,44.42,62.94,3,32.21,28.13,37.78,3,"","","",0,55,49.5,122,3,52,42.5,102.5,3,47,33,59,3,118,87.5,208.5,3,52.2,48.9,52.35,3,2.92,2.86,3.12,3,10.3,5.25,16.95,3,201,178.5,290.5,3,0.16,0.08,0.18,3,4.2,4,7.05,3,18.7,14.8,20.3,3,0.8,0.4,0.9,3,0,0,0,3,"carnotaurus:2 pachycephalosaurus:1"
"baryonyx","newbie",3,0,3,0,142.7,124.2,206.6,3,2,1.5,2,3,23.15,19.89,31.92,3,30.35,27.79,49.43,3,47.11,45.06,49.16,2,19.32,18.55,20.08,2,"","","",0,44,43.5,44.5,3,25,17.5,26,3,19,11,20,3,39,21,41.5,3,66.7,64.05,67.95,3,0,0,0,3,0,0,0,3,156,138,185,3,0,0,0,3,5.6,4.55,33.55,3,27.2,20.2,31,3,0,0,0,3,0,0,0,3,"carnotaurus:2 pachycephalosaurus:1"
"tyrannosaurus","optimizer",3,0,2,1,566,521.7,582.95,3,3,2,3.5,3,16.5,13.8,26.12,3,75.57,72.77,78.37,2,95.32,94.01,96.64,2,20.63,20.15,21.1,2,"","","",0,52,30,62,3,60,33.5,81,3,71,37,72.5,3,146,76,161,3,38.4,37.65,44.2,3,3.52,1.91,3.67,3,41.7,22.4,52.15,3,307,153.5,408.5,3,0,0,0,3,3.7,1.85,6.15,3,7.7,4.25,7.8,3,3.3,1.65,289.25,3,0,0,1,3,"carnotaurus:2"
"tyrannosaurus","average",3,0,2,1,336.4,296.75,468.15,3,2,1.5,2.5,3,16.73,13.36,22.75,3,61.08,59.67,62.49,2,76.49,73.6,79.38,2,15.39,13.92,16.87,2,"","","",0,35,21.5,41,3,41,24,42,3,25,14,41,3,74,40,77.5,3,50,42.55,51.55,3,2.32,1.31,3.38,3,28.5,15.15,43.25,3,312,156,344.5,3,0,0,0,3,3.6,1.8,13,3,6.5,3.65,9.15,3,1.6,0.8,288.3,3,0,0,0.5,3,"carnotaurus:2"
"tyrannosaurus","casual",3,0,3,0,335,309.55,355.25,3,3,3,3,3,18.6,16.2,25.71,3,51.77,48.82,74.02,3,66.7,64.64,88.1,3,20.59,18.47,20.76,3,"","","",0,60,56.5,60.5,3,54,53.5,56,3,41,39.5,42.5,3,76,74,79,3,55.3,53.25,56.8,3,4.22,3.9,4.34,3,33.9,33.2,48.55,3,373,353.5,383.5,3,0,0,0.08,3,26.1,24,35.25,3,9.2,8.8,11.15,3,0,0,0,3,1,1,1,3,"carnotaurus:3"
"tyrannosaurus","brawler",3,0,2,1,505.8,423.95,550.4,3,5,4.5,5,3,15,13.78,23.39,3,56.17,53.03,68.1,3,75.53,69.32,84.87,3,19.18,17.53,20.16,3,"","","",0,142,115,143,3,114,90.5,119,3,83,71,96.5,3,157,130,177.5,3,52.5,52.05,56.85,3,5.61,5.43,5.65,3,95.8,95.1,95.8,3,418,405.5,521,3,0,0,0.1,3,0.9,0.65,8.25,3,13.2,12.8,15.25,3,0,0,0,3,0,0,2,3,"ankylosaurus:1 carnotaurus:1"
"tyrannosaurus","explorer",3,0,2,1,252.7,239.4,426.3,3,2,1.5,2,3,16.77,13.24,22.38,3,63.73,61.62,65.84,2,81.13,79.51,82.76,2,17.4,16.91,17.89,2,"","","",0,37,22.5,39.5,3,30,18.5,35.5,3,35,19,40.5,3,69,37.5,73,3,49.4,45.7,49.7,3,3.56,1.93,3.77,3,31,17.05,42.5,3,263,131.5,294,3,0,0,0,3,4.4,2.2,13.8,3,9,4.9,10.8,3,0,0,287.6,3,0,0,0.5,3,"pachycephalosaurus:1 carnotaurus:1"
"tyrannosaurus","exploiter",3,0,2,1,566,521.7,582.95,3,3,2,3.5,3,16.5,13.8,26.12,3,75.57,72.77,78.37,2,95.32,94.01,96.64,2,20.63,20.15,21.1,2,"","","",0,52,30,62,3,60,33.5,81,3,71,37,72.5,3,146,76,161,3,38.4,37.65,44.2,3,3.52,1.91,3.67,3,41.7,22.4,52.15,3,307,153.5,408.5,3,0,0,0,3,3.7,1.85,6.15,3,7.7,4.25,7.8,3,3.3,1.65,289.25,3,0,0,1,3,"carnotaurus:2"
"tyrannosaurus","newbie",3,0,3,0,312.5,289.9,386.45,3,3,3,3.5,3,13.43,10.34,21.76,3,59.75,54.96,70.87,3,73.15,68.12,81.28,3,17.54,16.21,17.98,3,"","","",0,68,68,82,3,62,57,64,3,52,49,62,3,75,69.5,103.5,3,67.2,59.35,68.95,3,0,0,0,3,0,0,0,3,369,353,397.5,3,0,0,0,3,21.3,11.8,22.8,3,14.1,13.25,14.25,3,0,0,0,3,1,0.5,1,3,"carnotaurus:2 baryonyx:1"
"deinonychus","optimizer",3,0,1,2,589.8,412.15,591.7,3,4,3.5,5,3,12.22,11.79,12.58,3,34.14,32.32,35.09,3,49.7,46.71,49.84,3,22.91,22.55,26.32,3,"","","",0,85,76.5,117.5,3,96,90,141.5,3,63,63,88.5,3,292,223.5,377,3,56.9,55.85,58.75,3,9.2,9.18,10.1,3,45.5,36.8,53.1,3,124,110,154.5,3,0.51,0.35,0.56,3,0,0,2.2,3,13.4,10.8,15.35,3,10.4,5.2,60.2,3,0,0,0.5,3,"baryonyx:1"
"deinonychus","average",3,0,3,0,303.5,211.35,325.7,3,3,2.5,3,3,12.74,11.79,13.79,3,31.05,30.42,31.76,3,47.79,46.31,49.6,3,22.32,18.05,25.16,3,"","","",0,55,48.5,63.5,3,61,58,72,3,50,41,54.5,3,124,98.5,140.5,3,57.3,56.45,60.15,3,9.83,9.56,10.71,3,33.2,32.1,35.35,3,190,175,202,3,0.2,0.18,0.6,3,9.2,4.7,20.5,3,13.2,11.55,16.8,3,0,0,19.75,3,0,0,0.5,3,"carnotaurus:2 baryonyx:1"
"deinonychus","casual",3,0,3,0,154.7,106.45,193.65,3,2,1.5,2,3,11.53,10.69,13.8,3,38.89,38.24,47.95,3,71.58,71.25,71.91,2,24.28,19.1,29.47,2,"","","",0,41,29.5,41.5,3,30,18.5,35.5,3,28,18.5,29.5,3,103,71,106.5,3,63.6,55.6,66.4,3,8.25,7.09,9.95,3,8.5,4.25,14.9,3,180,147,185,3,0.26,0.13,0.33,3,16.1,12.15,30.6,3,16.5,14.1,17.35,3,0,0,1.5,3,0,0,0.5,3,"carnotaurus:2 pachycephalosaurus:1"
"deinonychus","brawler",3,0,3,0,123.1,113.05,141.75,3,2,2,2.5,3,11.87,11.22,12.12,3,34.26,32.12,38.78,3,46.97,46.36,52.72,3,15.17,14.27,16.07,3,"","","",0,45,43.5,57,3,52,42.5,63,3,31,26,35.5,3,86,81.5,109.5,3,80.5,79.2,80.95,3,14.21,13.22,14.42,3,77,76.45,78.8,3,175,160,202,3,0.58,0.53,0.67,3,13.5,8.55,15.95,3,22.6,21.65,24.3,3,0,0,0,3,0,0,0.5,3,"carnotaurus:2 baryonyx:1"
"deinonychus","explorer",3,0,3,0,109.8,108.45,116.9,3,2,2,2,3,11.43,9.99,12.49,3,29.99,29.45,31.12,3,47.09,44.95,48.03,3,16.72,15.3,16.91,3,"","","",0,42,42,43.5,3,29,27.5,49.5,3,30,29,30,3,84,79,86,3,65.5,60.6,66.55,3,12.88,12.01,13.82,3,19.7,17.15,20.95,3,160,137.5,172.5,3,0,0,0.28,3,5.6,3.5,6.55,3,22.5,20.7,22.9,3,0,0,2.4,3,0,0,0.5,3,"carnotaurus:3"
"deinonychus","exploiter",3,0,1,2,589.8,412.15,591.7,3,4,3.5,5,3,12.22,11.79,12.58,3,34.14,32.32,35.09,3,49.7,46.71,49.84,3,22.91,22.55,26.32,3,"","","",0,85,76.5,117.5,3,96,90,141.5,3,63,63,88.5,3,292,223.5,377,3,56.9,55.85,58.75,3,9.2,9.18,10.1,3,45.5,36.8,53.1,3,124,110,154.5,3,0.51,0.35,0.56,3,0,0,2.2,3,13.4,10.8,15.35,3,10.4,5.2,60.2,3,0,0,0.5,3,"baryonyx:1"
"deinonychus","newbie",3,0,3,0,131.4,106.75,206.4,3,1,1,1.5,3,14.44,11.57,14.91,3,44.91,44.41,111.26,3,62.22,62.22,62.22,1,17.32,17.32,17.32,1,"","","",0,20,19.5,31,3,14,12,21,3,12,10,19.5,3,42,38.5,70,3,65.7,63.45,67.35,3,0,0,0,3,0,0,0,3,130,115,142.5,3,0,0,0,3,55.2,29.1,70.3,3,13,8.65,15.5,3,0,0,0.65,3,0,0,0.5,3,"carnotaurus:2 pachycephalosaurus:1"
"velociraptor","optimizer",3,0,3,0,543.8,373.8,543.85,3,3,3,3.5,3,11.86,11.35,12.23,3,32.59,32.53,34.56,3,50.67,49.29,51.1,3,25.91,23.32,30.02,3,"","","",0,63,59,82.5,3,95,91,109.5,3,59,52,68.5,3,265,217.5,334.5,3,54,49.65,56.25,3,8.49,8.38,8.52,3,71.1,59.05,71.4,3,152,141,187,3,0.44,0.22,0.6,3,2.4,1.45,8,3,10,8.75,13.3,3,2,1,6.75,3,0,0,0.5,3,"baryonyx:2 carnotaurus:1"
"velociraptor","average",3,0,3,0,132.9,116.45,154.1,3,2,2,2,3,12.16,11.58,12.75,3,33.11,32.49,33.27,3,45.32,42.55,47.09,3,11.9,9.9,13.83,3,"","","",0,42,42,42,3,40,35,54,3,28,26,29,3,109,92.5,123.5,3,56.9,54.9,59.35,3,9.58,9.3,10.79,3,49.1,46.85,52.6,3,118,117,136.5,3,0,0,0.45,3,2,1.6,6.7,3,18.5,16.3,21.9,3,0,0,0,3,0,0,0.5,3,"carnotaurus:3"
"velociraptor","casual",3,0,3,0,59.1,54.25,62.25,3,1,1,1,3,13.02,12,15.31,3,39.19,37.05,43.53,3,"","","",0,"","","",0,"","","",0,18,18,18,3,7,6.5,12,3,16,12,16.5,3,45,44.5,48.5,3,59.1,52.9,62.25,3,8.12,7.73,9.52,3,19,11.85,34.65,3,90,90,90,3,0,0,0.6,3,8,4.05,12.25,3,17.9,17.25,19.95,3,0,0,0,3,0,0,0.5,3,"pachycephalosaurus:3"
"velociraptor","brawler",3,0,3,0,121.9,107.3,144.3,3,2,2,2.5,3,12.36,11.36,12.45,3,36.19,34,38.38,3,48.62,45.52,49.86,3,12.44,11.52,12.89,3,"","","",0,46,45.5,57,3,39,35.5,59.5,3,32,30.5,38.5,3,76,72,101.5,3,78.9,78.45,79.9,3,10.35,10.34,10.39,3,80.1,75.2,83.15,3,177,162.5,186.5,3,0.65,0.57,0.69,3,2.1,1.95,6.9,3,23.9,23.25,24.8,3,7.5,3.75,11.05,3,1,0.5,1,3,"carnotaurus:2 baryonyx:1"
"velociraptor","explorer",3,0,3,0,402.3,324.1,404.2,3,3,2,3,3,11.52,11.32,12.48,3,39.53,35.47,209.12,3,53.38,51.21,55.55,2,24.5,23.52,25.47,2,"","","",0,42,30,47,3,70,40.5,80,3,37,30,39.5,3,161,121.5,175.5,3,53.7,48.8,54.2,3,9.16,6.89,9.71,3,33.3,30.5,38.35,3,176,148,200,3,0.15,0.15,0.2,3,16.4,10.1,25,3,7.8,5.25,8.95,3,8.7,7.05,26.55,3,0,0,0.5,3,"pachycephalosaurus:1 carnotaurus:1 compy:1"
"velociraptor","exploiter",3,0,3,0,543.8,373.8,543.85,3,3,3,3.5,3,11.86,11.35,12.23,3,32.59,32.53,34.56,3,50.67,49.29,51.1,3,25.91,23.32,30.02,3,"","","",0,63,59,82.5,3,95,91,109.5,3,59,52,68.5,3,265,217.5,334.5,3,54,49.65,56.25,3,8.49,8.38,8.52,3,71.1,59.05,71.4,3,152,141,187,3,0.44,0.22,0.6,3,2.4,1.45,8,3,10,8.75,13.3,3,2,1,6.75,3,0,0,0.5,3,"baryonyx:2 carnotaurus:1"
"velociraptor","newbie",3,0,3,0,169.2,120.35,227.5,3,2,1.5,2,3,13.94,10.68,15.04,3,43.72,40.99,49.06,3,58.91,57.85,59.98,2,17.93,17.62,18.23,2,"","","",0,38,29,40,3,32,23.5,33.5,3,23,16,28.5,3,71,57,92,3,60.5,60.35,66.15,3,0,0,0,3,0,0,0,3,145,117.5,163.5,3,0.21,0.1,0.28,3,45.6,39.9,49.05,3,14.1,11.15,14.25,3,0,0,0,3,0,0,0.5,3,"carnotaurus:2 pachycephalosaurus:1"
"deinosuchus","optimizer",3,0,3,0,300.9,222.35,327.25,3,3,2.5,3.5,3,21.88,13.76,25.41,3,56.33,47.17,68.76,3,70.62,62.46,81.7,3,14.04,13.86,15.16,3,"","","",0,52,48,71,3,79,53,87.5,3,58,45,72.5,3,118,93,141.5,3,44.1,43.25,45.8,3,5.77,5.28,6.01,3,50.9,46.4,57.3,3,314,279.5,316,3,0,0,0.21,3,3.7,3.15,5.55,3,14.6,12.95,16.65,3,0,0,0,3,0,0,0.5,3,"carnotaurus:2 baryonyx:1"
"deinosuchus","average",3,0,3,0,184.1,168.25,237.5,3,2,2,2.5,3,21.21,13.41,22.1,3,64.85,62.59,66.86,3,79.71,77.52,81.77,3,15.24,15.12,17.11,3,"","","",0,46,44,59,3,29,27.5,43,3,39,35,48,3,83,74,94.5,3,48.1,45.15,51.75,3,6.3,5.92,6.55,3,42.9,39.95,51.3,3,243,241.5,275.5,3,0,0,0.1,3,4.8,3.55,8.85,3,15.3,15.05,15.75,3,0,0,0,3,0,0,0.5,3,"carnotaurus:2 baryonyx:1"
"deinosuchus","casual",3,0,3,0,195.4,186.25,218.05,3,3,2.5,3,3,24.4,15.87,25.39,3,55.44,55.14,67.35,3,81.09,76.4,86.51,3,17.49,15.09,20.09,3,"","","",0,58,50.5,58.5,3,56,51.5,58.5,3,38,32.5,40.5,3,75,73.5,82.5,3,54.2,53.2,54.45,3,6.45,6.34,6.62,3,57.3,56.65,61.5,3,279,264,302,3,0,0,0.13,3,5.1,4.2,7.15,3,15.1,14.1,17,3,0,0,0,3,0,0,0,3,"carnotaurus:3"
"deinosuchus","brawler",3,0,3,0,362.5,284.45,370.65,3,4,3.5,4,3,24.17,14.88,25.81,3,52.3,45.71,55.03,3,69.2,62.58,73.83,3,15.04,14.59,19.3,3,"","","",0,105,89,109,3,72,63,91,3,65,63,68.5,3,135,115.5,136,3,57.3,55.3,58.6,3,7.45,7.21,8.16,3,87.1,84.4,87.3,3,400,366.5,463.5,3,0.17,0.09,0.24,3,3.3,2.45,8.7,3,17.7,17,20.25,3,0,0,0,3,0,0,0.5,3,"carnotaurus:2 deinosuchus:1"
"deinosuchus","explorer",3,0,3,0,201.6,140.65,207.7,3,2,1.5,2.5,3,20.05,12.86,20.85,3,64.16,61.21,67.11,2,90.53,88.59,92.47,2,22.76,19.67,25.84,2,"","","",0,42,27.5,42,3,26,17,34,3,41,26.5,41.5,3,75,54,81,3,43.7,40.05,46.5,3,6.03,5.54,6.58,3,55.6,46.95,56.4,3,259,227,284.5,3,0,0,0.14,3,3.8,3.65,7.75,3,12.2,11.75,12.25,3,0,0,0,3,0,0,0,3,"carnotaurus:3"
"deinosuchus","exploiter",3,0,3,0,300.9,222.35,327.25,3,3,2.5,3.5,3,21.88,13.76,25.41,3,56.33,47.17,68.76,3,70.62,62.46,81.7,3,14.04,13.86,15.16,3,"","","",0,52,48,71,3,79,53,87.5,3,58,45,72.5,3,118,93,141.5,3,44.1,43.25,45.8,3,5.77,5.28,6.01,3,50.9,46.4,57.3,3,314,279.5,316,3,0,0,0.21,3,3.7,3.15,5.55,3,14.6,12.95,16.65,3,0,0,0,3,0,0,0.5,3,"carnotaurus:2 baryonyx:1"
"deinosuchus","newbie",3,0,3,0,222.1,178.35,228.45,3,2,1.5,2.5,3,27.2,19.37,32.11,3,72.47,66.35,97.3,3,108.97,94.26,123.67,2,18.04,17.14,18.93,2,"","","",0,31,26.5,47.5,3,39,28.5,42,3,26,18.5,31,3,70,51,73,3,46.1,44.95,55.2,3,0,0,0,3,0,0,0,3,254,217,268.5,3,0.27,0.14,0.39,3,16.4,12.55,28.15,3,9.6,9.1,13.4,3,0,0,7.05,3,1,0.5,1,3,"compy:2 pachycephalosaurus:1"
